station_id,time,AtmosphericPressure,WindDirection,WindSpeed,Gust,AirTemperature,SeaTemperature
M1,2001-02-06T13:00:00Z,967.6,270,21.98,33.1,8.9,9
M1,2001-02-06T14:00:00Z,969.8,270,23.93,35,8.5,9
M1,2001-02-06T15:00:00Z,972,270,19.07,31.1,8.9,9
M1,2001-02-06T16:00:00Z,973.6,270,15.95,25.3,9.1,9
M1,2001-02-06T18:00:00Z,976.4,270,12.06,19.5,8.8,9
M1,2001-02-06T20:00:00Z,978.8,260,11.09,17.5,8.8,9
M1,2001-02-06T21:00:00Z,979.8,280,9.92,17.5,8.2,9
M1,2001-02-06T22:00:00Z,980.6,300,7.98,13.6,8.2,9
M1,2001-02-06T23:00:00Z,981.6,320,11.09,17.5,8,9
M1,2001-02-07T00:00:00Z,982.2,340,7,13.6,8,9
M1,2001-02-07T01:00:00Z,983,330,7.98,15.6,8,9
M1,2001-02-07T03:00:00Z,984.2,350,7,13.6,8.3,9
M1,2001-02-07T05:00:00Z,985,30,12.06,19.5,7.7,9
M1,2001-02-07T06:00:00Z,986.8,10,19.07,29.2,7,9
M1,2001-02-07T07:00:00Z,987.4,40,16.93,31.1,7.3,9
M1,2001-02-07T08:00:00Z,988.4,30,21.01,29.2,7.1,9
M1,2001-02-07T09:00:00Z,990,30,21.01,31.1,7.3,9
M1,2001-02-07T10:00:00Z,990.8,30,21.01,31.1,7.4,9.1
M1,2001-02-07T13:00:00Z,994.2,30,18.09,27.2,7,9
M1,2001-02-07T14:00:00Z,994.4,40,16.93,27.2,6.9,9.1
M1,2001-02-07T15:00:00Z,994.6,30,16.93,25.3,7,9
M1,2001-02-07T16:00:00Z,995,20,15.95,25.3,7.1,9.1
M1,2001-02-07T17:00:00Z,995.8,30,16.93,25.3,7,9
M1,2001-02-07T19:00:00Z,997.2,30,15.95,25.3,6.9,9
M1,2001-02-07T20:00:00Z,997.8,30,14.98,25.3,6.8,9.1
M1,2001-02-07T21:00:00Z,998.6,20,15.95,25.3,6.6,9.1
M1,2001-02-07T22:00:00Z,999.4,30,16.93,23.3,6.6,9.1
M1,2001-02-07T23:00:00Z,1000,40,15.95,25.3,6.5,9.1
M1,2001-02-08T00:00:00Z,1000.6,40,14.01,21.4,6.4,9
M1,2001-02-08T01:00:00Z,1001.2,30,14.01,19.5,6.2,9
M1,2001-02-08T02:00:00Z,1001.4,30,13.04,19.5,6.4,9
M1,2001-02-08T03:00:00Z,1002.2,40,12.06,17.5,6.4,9
M1,2001-02-08T05:00:00Z,1002.6,20,12.06,17.5,6.3,9
M1,2001-02-08T06:00:00Z,1003.4,20,7.98,13.6,6.4,9.1
M1,2001-02-08T07:00:00Z,1004.4,350,15.95,21.4,5.4,9.1
M1,2001-02-08T08:00:00Z,1005,350,6.03,19.5,5.8,9.1
M1,2001-02-08T09:00:00Z,1005.8,350,6.03,11.7,6.2,9.1
M1,2001-02-08T10:00:00Z,1006.4,340,6.03,11.7,6.3,9.1
M1,2001-02-08T11:00:00Z,1007.6,350,12.06,19.5,4.7,9.1
M1,2001-02-08T12:00:00Z,1008.2,NaN,NaN,15.6,6.2,9
M1,2001-02-08T13:00:00Z,1008.8,150,4.09,19.5,4.2,9
M1,2001-02-08T14:00:00Z,1009,240,5.06,7.8,5.6,9
M1,2001-02-08T15:00:00Z,1009.2,300,7,11.7,5.9,9
M1,2001-02-08T16:00:00Z,1009.6,250,8.95,11.7,5.5,9
M1,2001-02-08T17:00:00Z,1010,270,7,15.6,6,9
M1,2001-02-08T19:00:00Z,1011.8,350,7,15.6,6.1,9
M1,2001-02-08T20:00:00Z,1012.6,330,6.03,11.7,6.4,9
M1,2001-02-08T21:00:00Z,1013.2,290,7,13.6,6.8,9
M1,2001-02-08T22:00:00Z,1013.6,280,7,11.7,6.7,9
M1,2001-02-08T23:00:00Z,1014.2,260,4.09,9.7,6.4,9
M1,2001-02-09T00:00:00Z,1014.6,240,2.92,5.8,6.6,9
M1,2001-02-09T01:00:00Z,1014.6,200,2.92,5.8,6.9,9.1
M1,2001-02-09T11:00:00Z,1013.2,150,21.98,29.2,7.7,9
M1,2001-02-09T12:00:00Z,1013.2,160,23.93,33.1,7.7,9.1
M1,2001-02-09T13:00:00Z,1012,150,25.1,37,7.7,9.1
M1,2001-02-09T14:00:00Z,1010.4,150,28.99,38.9,7.9,9.1
M1,2001-02-09T15:00:00Z,1009,150,30.93,40.9,8.2,9.1
M1,2001-02-09T16:00:00Z,1006.4,150,31.91,42.8,8.3,9.1
M1,2001-02-09T17:00:00Z,1006.6,150,34.05,44.7,8.1,9
M1,2001-02-09T18:00:00Z,1004.4,150,35.02,50.6,7.9,9
M1,2001-02-09T19:00:00Z,1003.6,150,37.94,48.6,7.9,9
M1,2001-02-09T20:00:00Z,1003.8,160,38.91,50.6,7.9,9
M1,2001-02-09T21:00:00Z,1004.4,170,29.96,48.6,9,9
M1,2001-02-09T23:00:00Z,1005.4,190,13.04,23.3,10.2,9
M1,2001-02-10T00:00:00Z,1006,180,12.06,15.6,10.1,8.9
M1,2001-02-10T02:00:00Z,1006,180,13.04,19.5,10,9
M1,2001-02-10T03:00:00Z,1005.8,170,14.98,21.4,9.9,9
M1,2001-02-10T04:00:00Z,1004.4,170,12.06,19.5,10,9
M1,2001-02-10T05:00:00Z,1003.8,170,15.95,23.3,10,9
M1,2001-02-10T06:00:00Z,1002.8,180,20.04,27.2,10.2,9
M1,2001-02-10T07:00:00Z,1001.6,170,20.04,27.2,10.2,8.9
M1,2001-02-10T08:00:00Z,1000.4,180,21.98,31.1,10.4,9
M1,2001-02-10T10:00:00Z,1000.6,200,23.93,31.1,11.3,9.2
M1,2001-02-10T11:00:00Z,1001.6,220,22.96,35,11.4,9.1
M1,2001-02-10T12:00:00Z,1002.8,220,21.01,29.2,11.1,9.1
M1,2001-02-10T13:00:00Z,1003.8,220,21.01,29.2,11.1,9.1
M1,2001-02-10T14:00:00Z,1004.4,220,18.09,29.2,10.9,9.1
M1,2001-02-10T15:00:00Z,1004.6,210,20.04,27.2,10.9,9
M1,2001-02-10T16:00:00Z,1004.8,210,20.04,29.2,10.8,9
M1,2001-02-10T18:00:00Z,1005.4,210,20.04,27.2,10.8,9
M1,2001-02-10T20:00:00Z,1005.8,200,22.96,33.1,11,9.1
M1,2001-02-10T21:00:00Z,1005.8,220,21.01,35,10.8,9
M1,2001-02-10T22:00:00Z,1006,220,21.98,35,10.9,9
M1,2001-02-10T23:00:00Z,1007,230,23.93,33.1,9.4,9.1
M1,2001-02-11T00:00:00Z,1007.4,220,21.98,37,10.7,9
M1,2001-02-11T01:00:00Z,1008.4,230,21.98,31.1,11,9
M1,2001-02-11T02:00:00Z,1008.6,220,21.98,31.1,10.7,9
M1,2001-02-11T03:00:00Z,1009.4,220,18.09,31.1,10.6,9
M1,2001-02-11T05:00:00Z,1009.6,220,19.07,27.2,10.5,9.1
M1,2001-02-11T06:00:00Z,1009.6,210,20.04,29.2,10.6,9.1
M1,2001-02-11T07:00:00Z,1009.8,220,21.98,31.1,10.5,9
M1,2001-02-11T08:00:00Z,1010,210,22.96,31.1,10.5,9
M1,2001-02-11T09:00:00Z,1010.6,210,21.01,31.1,10.6,9.1
M1,2001-02-11T10:00:00Z,1011.2,220,21.98,31.1,10.7,9
M1,2001-02-11T11:00:00Z,1012.4,220,21.98,31.1,10.7,9.2
M1,2001-02-11T12:00:00Z,1013.6,240,20.04,31.1,10.4,9.2
M1,2001-02-11T13:00:00Z,1014,230,16.93,25.3,10.2,9.1
M1,2001-02-11T14:00:00Z,1014.2,230,18.09,27.2,10.3,9.1
M1,2001-02-11T15:00:00Z,1014.2,230,16.93,25.3,10.3,9.1
M1,2001-02-11T17:00:00Z,1014.8,240,14.98,21.4,10,9.1
M1,2001-02-11T18:00:00Z,1015.6,250,14.01,19.5,10.1,9.1
M1,2001-02-11T20:00:00Z,1016.6,240,8.95,19.5,9.8,9
M1,2001-02-11T21:00:00Z,1016.6,250,7.98,15.6,9.6,9.1
M1,2001-02-11T23:00:00Z,1017.8,270,7,13.6,9.6,9.1
M1,2001-02-12T02:00:00Z,1019.2,310,8.95,13.6,9.6,9
M1,2001-02-12T04:00:00Z,1020.4,310,14.01,19.5,9.3,9.1
M1,2001-02-12T06:00:00Z,NaN,320,NaN,NaN,NaN,9.1
M1,2001-02-12T07:00:00Z,1023.4,310,9.92,21.4,9.4,9.1
M1,2001-02-12T08:00:00Z,1025,320,11.09,17.5,9.5,9.1
M1,2001-02-12T09:00:00Z,1026.4,310,11.09,15.6,9.5,9.1
M1,2001-02-12T10:00:00Z,1027.6,310,7.98,15.6,9.4,9.1
M1,2001-02-12T11:00:00Z,1028.6,300,6.03,11.7,9.4,9.1
M1,2001-02-12T12:00:00Z,1029.8,290,6.03,9.7,9.6,9.1
M1,2001-02-12T13:00:00Z,1030.6,270,8.95,15.6,9.7,9
M1,2001-02-12T15:00:00Z,1031.6,260,7.98,13.6,9.9,9.1
M1,2001-02-12T16:00:00Z,1032.2,250,7,11.7,9.8,9.1
M1,2001-02-12T19:00:00Z,1033.8,210,7,9.7,9.6,9
M1,2001-02-12T20:00:00Z,1033.6,210,7.98,11.7,9.6,9
M1,2001-02-12T21:00:00Z,1034.2,210,8.95,11.7,9.5,9
M1,2001-02-12T23:00:00Z,1034.8,200,12.06,15.6,9.6,9.1
M1,2001-02-13T01:00:00Z,1035.4,190,13.04,17.5,9.6,9
M1,2001-02-13T02:00:00Z,1034.8,200,13.04,17.5,9.6,9
M1,2001-02-13T03:00:00Z,1034.4,200,13.04,19.5,9.6,9
M1,2001-02-13T04:00:00Z,1034.2,200,15.95,21.4,9.5,9
M1,2001-02-13T05:00:00Z,1033.8,200,18.09,23.3,9.6,9
M1,2001-02-13T06:00:00Z,1033.8,200,16.93,23.3,9.6,9
M1,2001-02-13T07:00:00Z,1033.6,200,16.93,23.3,9.6,9
M1,2001-02-13T08:00:00Z,1033.6,200,18.09,25.3,9.6,9
M1,2001-02-13T09:00:00Z,1033.6,180,16.93,23.3,9.4,9.1
M1,2001-02-13T10:00:00Z,1033.2,190,18.09,23.3,9.3,9
M1,2001-02-13T11:00:00Z,1033.2,180,19.07,25.3,9.3,9
M1,2001-02-13T12:00:00Z,1033.4,180,19.07,25.3,9.5,9
M1,2001-02-13T13:00:00Z,1032.8,180,19.07,27.2,9.5,9.1
M1,2001-02-13T14:00:00Z,1032.6,180,20.04,27.2,9.6,9
M1,2001-02-13T15:00:00Z,1032,180,20.04,27.2,9.6,9
M1,2001-02-13T16:00:00Z,1031.2,180,19.07,29.2,9.5,9
M1,2001-02-13T17:00:00Z,1031.2,170,20.04,27.2,9.3,9
M1,2001-02-13T18:00:00Z,1030.6,180,20.04,29.2,9.5,9
M1,2001-02-13T19:00:00Z,1030.6,180,19.07,29.2,9.2,9
M1,2001-02-13T21:00:00Z,1030.2,180,21.01,31.1,9.3,9.1
M1,2001-02-13T22:00:00Z,1030.2,180,21.98,29.2,9,9
M1,2001-02-13T23:00:00Z,1029.8,190,20.04,31.1,9.3,9.1
M1,2001-02-14T00:00:00Z,1029.6,180,21.98,29.2,9.4,9
M1,2001-02-14T01:00:00Z,1028.8,180,21.01,31.1,9.6,9
M1,2001-02-14T02:00:00Z,1028.6,170,21.98,29.2,9.6,9
M1,2001-02-14T03:00:00Z,1028,170,23.93,33.1,9.6,9
M1,2001-02-14T04:00:00Z,1027,170,25.1,35,9.4,9
M1,2001-02-14T05:00:00Z,1026.8,180,25.1,35,9.3,9
M1,2001-02-14T06:00:00Z,1027.4,180,23.93,NaN,9.4,9
M1,2001-02-14T08:00:00Z,1026.4,180,22.96,33.1,9.5,9.1
M1,2001-02-14T09:00:00Z,1026.6,180,21.01,33.1,9.6,9
M1,2001-02-14T10:00:00Z,1026.6,180,21.98,31.1,9.6,9
M1,2001-02-14T11:00:00Z,1026.4,180,21.01,31.1,9.7,9
M1,2001-02-14T12:00:00Z,1026.4,180,20.04,31.1,9.8,9
M1,2001-02-14T13:00:00Z,1026.4,190,19.07,29.2,9.9,9.1
M1,2001-02-14T14:00:00Z,1026,180,20.04,27.2,10,9.1
M1,2001-02-14T15:00:00Z,1025.4,180,20.04,29.2,10,9.1
M1,2001-02-14T16:00:00Z,1025,180,20.04,29.2,10,9.1
M1,2001-02-14T17:00:00Z,1025.4,180,19.07,29.2,10,9.1
M1,2001-02-14T19:00:00Z,1025.6,190,20.04,29.2,10,9.1
M1,2001-02-14T20:00:00Z,1025.6,190,20.04,25.3,10,9.2
M1,2001-02-14T21:00:00Z,1026,200,15.95,25.3,9.7,9.2
M1,2001-02-14T23:00:00Z,1027,270,7,13.6,9,9.2
M1,2001-02-15T02:00:00Z,1028.6,280,6.03,11.7,9.6,9.3
M1,2001-02-15T03:00:00Z,1029,240,4.09,7.8,9.6,9.3
M1,2001-02-15T04:00:00Z,1029.4,240,5.06,11.7,9.6,9.4
M1,2001-02-15T05:00:00Z,1029.6,230,7.98,13.6,9,9.4
M1,2001-02-15T07:00:00Z,1031,270,8.95,11.7,9.7,9.4
M1,2001-02-15T08:00:00Z,1031.6,280,11.09,15.6,9.6,9.3
M1,2001-02-15T10:00:00Z,1032.6,270,9.92,17.5,9.4,9.3
M1,2001-02-15T11:00:00Z,1033.2,260,6.03,13.6,9.3,9.3
M1,2001-02-15T12:00:00Z,1033.8,320,4.09,13.6,8.7,9.3
M1,2001-02-15T13:00:00Z,1033.8,300,7.98,13.6,9.4,9.3
M1,2001-02-15T14:00:00Z,1033.6,310,14.98,19.5,9.2,9.3
M1,2001-02-15T15:00:00Z,1033.6,320,9.92,19.5,9.2,9.3
M1,2001-02-15T16:00:00Z,1033.8,330,7.98,13.6,9,9.3
M1,2001-02-15T17:00:00Z,1034.6,310,5.06,11.7,9.2,9.3
M1,2001-02-15T18:00:00Z,1034.8,330,4.09,5.8,9,9.3
M1,2001-02-15T20:00:00Z,1035.8,240,1.95,5.8,8.8,9.3
M1,2001-02-15T21:00:00Z,1035.8,30,4.09,7.8,8.8,9.2
M1,2001-02-15T23:00:00Z,1035.8,160,2.92,5.8,8.6,9.3
M1,2001-02-16T01:00:00Z,1036.2,160,5.06,9.7,8.5,9.1
M1,2001-02-16T03:00:00Z,1036,190,6.03,9.7,8.4,9.1
M1,2001-02-16T04:00:00Z,1035.6,170,7,11.7,8.2,9
M1,2001-02-16T05:00:00Z,1035.6,190,7.98,11.7,8.3,9.1
M1,2001-02-16T06:00:00Z,1035.6,180,9.92,15.6,8.4,9.1
M1,2001-02-16T07:00:00Z,1035.8,170,9.92,77.8,8.3,NaN
M1,2001-02-16T08:00:00Z,1036,200,7.98,13.6,8.4,9.1
M1,2001-02-16T09:00:00Z,1036,170,11.09,15.6,8.3,9.1
M1,2001-02-16T10:00:00Z,1036.4,190,9.92,15.6,8.5,9.1
M1,2001-02-16T11:00:00Z,1036.4,180,8.95,13.6,8.7,9.1
M1,2001-02-16T13:00:00Z,1036.8,210,6.03,11.7,9.1,9.1
M1,2001-02-16T14:00:00Z,1037.2,180,6.03,9.7,9.2,9.2
M1,2001-02-16T15:00:00Z,1037.2,160,6.03,11.7,9.2,9.2
M1,2001-02-16T16:00:00Z,1037.2,170,7.98,11.7,9.4,9.3
M1,2001-02-16T18:00:00Z,1037.8,170,11.09,15.6,8.9,9.3
M1,2001-02-16T20:00:00Z,1038.4,170,12.06,15.6,8.8,9.2
M1,2001-02-16T21:00:00Z,1039.2,170,9.92,15.6,8.8,9.2
M1,2001-02-16T22:00:00Z,1039.4,180,11.09,15.6,9,9.2
M1,2001-02-17T00:00:00Z,1040,160,6.03,11.7,8.8,9.2
M1,2001-02-17T02:00:00Z,1040.2,170,7.98,13.6,8.6,9.2
M1,2001-02-17T03:00:00Z,1040.2,150,8.95,13.6,8.5,9.2
M1,2001-02-17T04:00:00Z,1040,140,8.95,13.6,8.3,9.2
M1,2001-02-17T05:00:00Z,1039.8,150,9.92,13.6,8.3,9.2
M1,2001-02-17T06:00:00Z,1039.8,130,11.09,15.6,8.3,9.2
M1,2001-02-17T07:00:00Z,1039.8,140,13.04,15.6,8.3,9.2
M1,2001-02-17T09:00:00Z,1040,150,14.01,19.5,8.5,9.2
M1,2001-02-17T11:00:00Z,1040,150,14.01,21.4,8.9,9.2
M1,2001-02-17T12:00:00Z,1040,160,16.93,23.3,8.8,9.2
M1,2001-02-17T13:00:00Z,1039.8,150,14.98,23.3,8.7,9.3
M1,2001-02-17T14:00:00Z,1039.8,160,16.93,23.3,8.7,9.4
M1,2001-02-17T15:00:00Z,1039.2,150,15.95,23.3,8.8,9.4
M1,2001-02-17T16:00:00Z,1038.8,160,14.98,21.4,9.1,9.4
M1,2001-02-17T18:00:00Z,1038.8,170,14.98,21.4,9.3,9.3
M1,2001-02-17T19:00:00Z,1038.8,180,19.07,25.3,9.4,9.4
M1,2001-02-17T20:00:00Z,1039.2,180,16.93,25.3,9.3,9.4
M1,2001-02-17T21:00:00Z,1039.4,180,16.93,23.3,9.6,9.4
M1,2001-02-17T22:00:00Z,1039.4,180,16.93,23.3,9.6,9.4
M1,2001-02-17T23:00:00Z,1039.2,180,15.95,21.4,9.7,9.4
M1,2001-02-18T00:00:00Z,1038.4,170,16.93,21.4,9.4,9.4
M1,2001-02-18T01:00:00Z,1038,170,18.09,23.3,9.5,9.4
M1,2001-02-18T02:00:00Z,1037.8,180,16.93,25.3,9.6,9.5
M1,2001-02-18T03:00:00Z,1037.4,180,18.09,23.3,9.7,9.4
M1,2001-02-18T04:00:00Z,1037.2,180,15.95,23.3,9.5,9.4
M1,2001-02-18T06:00:00Z,1036.8,170,19.07,25.3,9.6,9.4
M1,2001-02-18T07:00:00Z,1036.8,170,16.93,27.2,9.8,9.4
M1,2001-02-18T08:00:00Z,1037.2,170,16.93,25.3,9.6,9.4
M1,2001-02-18T09:00:00Z,1037.4,170,20.04,25.3,9.7,9.4
M1,2001-02-18T11:00:00Z,1037.2,170,18.09,29.2,9.7,9.4
M1,2001-02-18T12:00:00Z,1036.8,180,23.93,NaN,NaN,9.4
M1,2001-02-18T13:00:00Z,1036.2,180,21.01,27.2,9.8,9.4
M1,2001-02-18T15:00:00Z,1035.4,190,19.07,25.3,10,9.4
M1,2001-02-18T16:00:00Z,1035.4,190,19.07,25.3,10.1,9.3
M1,2001-02-18T18:00:00Z,1035.8,200,16.93,23.3,10.2,9.4
M1,2001-02-18T19:00:00Z,1036,200,16.93,23.3,10.2,9.4
M1,2001-02-18T20:00:00Z,1036.2,190,15.95,23.3,10.2,9.4
M1,2001-02-18T21:00:00Z,1036.4,200,15.95,21.4,10.3,9.4
M1,2001-02-18T23:00:00Z,1036.8,210,15.95,21.4,10.2,9.4
M1,2001-02-19T00:00:00Z,1037,210,14.98,23.3,9.9,9.4
M1,2001-02-19T01:00:00Z,1037.2,210,14.98,21.4,9.8,9.4
M1,2001-02-19T02:00:00Z,1037,220,14.98,19.5,9.8,9.4
M1,2001-02-19T03:00:00Z,1037.2,220,14.01,19.5,9.9,9.4
M1,2001-02-19T04:00:00Z,1037.2,230,11.09,17.5,10,9.4
M1,2001-02-19T05:00:00Z,1037.8,360,5.06,15.6,8.8,9.4
M1,2001-02-19T06:00:00Z,1038.2,10,7.98,13.6,8.5,9.4
M1,2001-02-19T07:00:00Z,1038.8,30,7.98,13.6,8.5,9.4
M1,2001-02-19T08:00:00Z,1039.4,20,6.03,11.7,8.9,9.4
M1,2001-02-19T09:00:00Z,1039.8,30,7,11.7,9.2,9.4
M1,2001-02-19T11:00:00Z,1040.8,40,4.09,7.8,9.2,9.4
M1,2001-02-19T12:00:00Z,1040.8,30,4.09,7.8,9.2,9.4
M1,2001-02-19T13:00:00Z,1040.8,10,4.09,7.8,9.2,9.4
M1,2001-02-19T14:00:00Z,1040.6,360,4.09,7.8,9,9.5
M1,2001-02-19T15:00:00Z,1040,10,1.95,5.8,9.1,9.6
M1,2001-02-19T16:00:00Z,1039.8,360,2.92,5.8,9.1,9.5
M1,2001-02-19T19:00:00Z,1040.4,150,1.95,3.9,8.9,9.4
M1,2001-02-19T20:00:00Z,1040.8,140,2.92,5.8,9,9.3
M1,2001-02-19T21:00:00Z,1040.8,160,4.09,5.8,9,9.4
M1,2001-02-19T22:00:00Z,1040.8,170,5.06,7.8,9.2,9.4
M1,2001-02-19T23:00:00Z,1040.4,180,7,9.7,9.4,9.4
M1,2001-02-20T00:00:00Z,1040,190,7.98,9.7,9.4,9.4
M1,2001-02-20T01:00:00Z,1039.8,200,7,11.7,9.7,9.4
M1,2001-02-20T02:00:00Z,1039.4,210,6.03,11.7,10.1,9.4
M1,2001-02-20T03:00:00Z,1038.6,220,7,11.7,10.2,9.6
M1,2001-02-20T05:00:00Z,1037.6,220,9.92,13.6,10.2,9.6
M1,2001-02-20T07:00:00Z,1037.4,230,13.04,15.6,10.3,9.6
M1,2001-02-20T08:00:00Z,1037.4,240,13.04,17.5,10.4,9.6
M1,2001-02-20T09:00:00Z,1037.4,240,12.06,19.5,10.4,9.5
M1,2001-02-20T10:00:00Z,1037.2,240,11.09,15.6,10.3,9.5
M1,2001-02-20T11:00:00Z,1037.2,240,12.06,15.6,10.3,9.4
M1,2001-02-20T12:00:00Z,1037.2,290,8.95,15.6,10,9.4
M1,2001-02-20T13:00:00Z,1037,300,11.09,21.4,9.4,9.4
M1,2001-02-20T14:00:00Z,1036.8,310,8.95,17.5,9.5,9.4
M1,2001-02-20T15:00:00Z,1036.2,300,7.98,11.7,9.9,9.4
M1,2001-02-20T17:00:00Z,1036,270,5.06,7.8,9.8,9.4
M1,2001-02-20T18:00:00Z,1036.2,270,4.09,9.7,9.8,9.6
M1,2001-02-20T19:00:00Z,1036.8,280,4.09,5.8,9.8,9.6
M1,2001-02-20T20:00:00Z,1037,290,4.09,5.8,9.8,9.6
M1,2001-02-20T21:00:00Z,1036.8,260,2.92,5.8,9.8,9.6
M1,2001-02-20T22:00:00Z,1036.8,230,2.92,5.8,9.7,9.6
M1,2001-02-20T23:00:00Z,1036.2,220,5.06,5.8,9.7,9.5
M1,2001-02-21T00:00:00Z,1035.6,220,7,9.7,9.7,9.5
M1,2001-02-21T01:00:00Z,1035.6,230,8.95,11.7,9.3,9.4
M1,2001-02-21T02:00:00Z,1035.2,230,9.92,13.6,9.6,9.5
M1,2001-02-21T03:00:00Z,1034.8,240,12.06,15.6,9.8,9.5
M1,2001-02-21T05:00:00Z,1034.2,250,9.92,15.6,10,9.6
M1,2001-02-21T06:00:00Z,1033.6,270,9.92,13.6,10.2,9.6
M1,2001-02-21T07:00:00Z,1033.8,270,8.95,13.6,10.2,9.6
M1,2001-02-21T08:00:00Z,1033.8,280,8.95,13.6,10.2,9.6
M1,2001-02-21T09:00:00Z,1033.8,290,7,11.7,10.2,9.5
M1,2001-02-21T10:00:00Z,1034.2,300,6.03,11.7,10.1,9.6
M1,2001-02-21T12:00:00Z,1034.6,280,4.09,7.8,9.8,9.6
M1,2001-02-21T13:00:00Z,1034.4,320,2.92,5.8,9.7,9.5
M1,2001-02-21T14:00:00Z,1034,300,4.09,7.8,9.8,9.4
M1,2001-02-21T16:00:00Z,1033,270,7,11.7,9.8,9.6
M1,2001-02-21T18:00:00Z,1032.6,280,12.06,19.5,9.2,9.5
M1,2001-02-21T20:00:00Z,1032.8,280,12.06,17.5,9.6,9.5
M1,2001-02-21T21:00:00Z,1032.8,270,12.06,15.6,10,9.5
M1,2001-02-21T22:00:00Z,1032.8,290,12.06,15.6,10.2,9.5
M1,2001-02-21T23:00:00Z,1032.6,300,11.09,17.5,10.2,9.5
M1,2001-02-22T01:00:00Z,1031.6,300,13.04,19.5,10.5,9.6
M1,2001-02-22T02:00:00Z,1031.4,310,9.92,17.5,10.3,9.6
M1,2001-02-22T03:00:00Z,1031.2,310,11.09,17.5,10.4,9.6
M1,2001-02-22T05:00:00Z,1030,290,11.09,15.6,10.2,9.6
M1,2001-02-22T07:00:00Z,1029.6,290,9.92,15.6,10.2,9.6
M1,2001-02-22T08:00:00Z,1029.4,270,8.95,15.6,10.2,9.5
M1,2001-02-22T09:00:00Z,1029,270,11.09,15.6,10.2,9.5
M1,2001-02-22T10:00:00Z,1029,270,13.04,17.5,10.1,9.5
M1,2001-02-22T11:00:00Z,1028.8,270,14.01,19.5,10.2,9.5
M1,2001-02-22T12:00:00Z,1028.4,280,14.01,21.4,10.2,9.6
M1,2001-02-22T13:00:00Z,1028,280,14.98,19.5,10.3,9.5
M1,2001-02-22T14:00:00Z,1027,280,14.98,21.4,10.2,9.5
M1,2001-02-22T15:00:00Z,1026.2,280,15.95,21.4,10.2,9.5
M1,2001-02-22T16:00:00Z,1025.4,290,16.93,25.3,10.4,9.4
M1,2001-02-22T18:00:00Z,1025,300,14.98,23.3,10.4,9.5
M1,2001-02-22T19:00:00Z,1024.6,310,14.01,19.5,10.4,9.5
M1,2001-02-22T20:00:00Z,1024.4,310,14.98,21.4,10.4,9.5
M1,2001-02-22T21:00:00Z,1024,310,16.93,25.3,10.3,9.5
M1,2001-02-22T22:00:00Z,1024,310,15.95,25.3,10.2,9.5
M1,2001-02-23T00:00:00Z,1023.6,320,8.95,21.4,9.6,9.4
M1,2001-02-23T01:00:00Z,1023,340,9.92,17.5,9.2,9.5
M1,2001-02-23T02:00:00Z,1022.4,320,9.92,15.6,9.3,9.4
M1,2001-02-23T03:00:00Z,1022,320,12.06,17.5,9.4,9.4
M1,2001-02-23T05:00:00Z,1021.4,330,12.06,19.5,9,9.4
M1,2001-02-23T06:00:00Z,1021,330,15.95,21.4,9.2,9.4
M1,2001-02-23T07:00:00Z,1020.8,340,14.98,21.4,8.8,9.5
M1,2001-02-23T08:00:00Z,1020.8,340,14.98,19.5,8.9,9.5
M1,2001-02-23T09:00:00Z,1021.4,350,14.01,21.4,8.2,9.5
M1,2001-02-23T10:00:00Z,1021.4,350,14.01,21.4,8.1,9.4
M1,2001-02-23T11:00:00Z,1021.4,340,13.04,19.5,8.3,9.4
M1,2001-02-23T12:00:00Z,1021.4,350,14.98,19.5,8.1,9.4
M1,2001-02-23T14:00:00Z,1020.6,350,14.98,21.4,7.8,9.3
M1,2001-02-23T15:00:00Z,1020,340,14.01,23.3,7.9,9.3
M1,2001-02-23T16:00:00Z,1019.8,340,14.01,21.4,7.8,9.3
M1,2001-02-23T17:00:00Z,1019.4,350,12.06,19.5,7.7,9.3
M1,2001-02-23T18:00:00Z,1019.4,350,12.06,17.5,7.9,9.2
M1,2001-02-23T19:00:00Z,1019.6,NaN,NaN,19.5,7.7,9.4
M1,2001-02-23T20:00:00Z,1019.4,350,11.09,17.5,7.8,9.4
M1,2001-02-23T21:00:00Z,1019.8,20,12.06,17.5,7.4,9.3
M1,2001-02-23T22:00:00Z,1019.6,360,11.09,15.6,7.7,9.4
M1,2001-02-24T00:00:00Z,1019.6,20,11.09,15.6,7.4,9.4
M1,2001-02-24T01:00:00Z,1019.6,40,7.98,19.5,7.1,9.3
M1,2001-02-24T02:00:00Z,1019.2,60,7,13.6,6.8,9.3
M1,2001-02-24T03:00:00Z,1019.2,40,7,11.7,7,9.3
M1,2001-02-24T04:00:00Z,1019,40,8.95,13.6,7,9.3
M1,2001-02-24T05:00:00Z,1019,30,9.92,13.6,7,9.4
M1,2001-02-24T06:00:00Z,1019.2,30,9.92,15.6,7,9.3
M1,2001-02-24T07:00:00Z,1019.4,60,11.09,17.5,6.9,9.4
M1,2001-02-24T08:00:00Z,1020.2,50,7.98,15.6,6.6,9.4
M1,2001-02-24T09:00:00Z,1020.4,50,7,19.5,6.6,9.4
M1,2001-02-24T10:00:00Z,1020.8,40,7.98,13.6,6.7,9.4
M1,2001-02-24T12:00:00Z,1021.8,40,5.06,11.7,6.7,9.3
M1,2001-02-24T13:00:00Z,1021.8,10,4.09,9.7,7,9.4
M1,2001-02-24T14:00:00Z,1021.6,360,5.06,9.7,6.8,9.4
M1,2001-02-24T15:00:00Z,1021.4,20,6.03,9.7,7,9.4
M1,2001-02-24T16:00:00Z,1021.4,10,5.06,11.7,7,9.4
M1,2001-02-24T18:00:00Z,1021.8,340,5.06,9.7,7.3,9.4
M1,2001-02-24T19:00:00Z,1022,360,7.98,11.7,7.3,9.4
M1,2001-02-24T20:00:00Z,1022.4,350,7.98,11.7,7.4,9.4
M1,2001-02-24T21:00:00Z,1022.6,360,7.98,13.6,7.3,9.4
M1,2001-02-24T22:00:00Z,1022.8,360,7,11.7,7.7,9.4
M1,2001-02-24T23:00:00Z,1023,10,7,13.6,7.1,9.4
M1,2001-02-25T00:00:00Z,1023,310,1.95,7.8,7.1,9.4
M1,2001-02-25T01:00:00Z,1022.8,300,13.04,17.5,6.3,9.4
M1,2001-02-25T02:00:00Z,1022.4,280,5.06,11.7,6.9,9.4
M1,2001-02-25T03:00:00Z,1022,310,5.06,13.6,7.2,9.3
M1,2001-02-25T04:00:00Z,1021.8,280,6.03,9.7,7.3,9.3
M1,2001-02-25T05:00:00Z,1021.4,290,8.95,11.7,7.5,9.4
M1,2001-02-25T06:00:00Z,1020.8,270,16.93,19.5,6.8,9.4
M1,2001-02-25T07:00:00Z,1020.4,260,7,21.4,7.6,9.4
M1,2001-02-25T08:00:00Z,1020.2,260,7.98,13.6,7.9,9.4
M1,2001-02-25T09:00:00Z,1020.2,250,11.09,15.6,7.8,9.6
M1,2001-02-25T10:00:00Z,1019.8,240,13.04,17.5,8.1,9.6
M1,2001-02-25T11:00:00Z,1019.2,230,14.01,19.5,8.3,9.4
M1,2001-02-25T12:00:00Z,1018.8,240,14.98,23.3,8.5,9.4
M1,2001-02-25T13:00:00Z,1017.6,240,18.09,23.3,8.6,9.4
M1,2001-02-25T14:00:00Z,1016.4,240,19.07,25.3,8.8,9.3
M1,2001-02-25T15:00:00Z,1015,230,19.07,25.3,8.8,9.4
M1,2001-02-25T16:00:00Z,1013.4,220,18.09,25.3,8.9,9.4
M1,2001-02-25T17:00:00Z,1012.2,260,14.01,25.3,7.9,9.4
M1,2001-02-25T18:00:00Z,1011,300,14.01,19.5,8.3,9.4
M1,2001-02-25T19:00:00Z,1010.6,320,21.98,29.2,7.3,9.4
M1,2001-02-25T20:00:00Z,1010.4,320,15.95,29.2,6.8,9.4
M1,2001-02-25T21:00:00Z,1009.4,310,14.98,29.2,7.2,9.4
M1,2001-02-25T22:00:00Z,1009,310,13.04,31.1,6.5,9.4
M1,2001-02-25T23:00:00Z,1008.4,330,18.09,31.1,6.3,9.4
M1,2001-02-26T00:00:00Z,1008,310,15.95,31.1,6.3,9.4
M1,2001-02-26T01:00:00Z,1007.4,330,19.07,27.2,6.5,9.4
M1,2001-02-26T02:00:00Z,1006.8,330,19.07,27.2,6.6,9.3
M1,2001-02-26T03:00:00Z,1006,340,21.01,29.2,6,9.4
M1,2001-02-26T05:00:00Z,1004,320,23.93,31.1,7.3,9.4
M1,2001-02-26T06:00:00Z,1003.6,330,23.93,35,7.4,9.3
M1,2001-02-26T07:00:00Z,1003.2,320,23.93,35,7.2,9.3
M1,2001-02-26T08:00:00Z,1002.4,320,23.93,31.1,7.1,9.4
M1,2001-02-26T09:00:00Z,1001.8,320,21.01,31.1,6.9,9.4
M1,2001-02-26T10:00:00Z,1001.6,350,28.99,40.9,6.8,9.4
M1,2001-02-26T11:00:00Z,1002.4,350,34.05,46.7,6.8,9.4
M1,2001-02-26T12:00:00Z,1003.6,350,34.05,46.7,5.7,9.3
M1,2001-02-26T13:00:00Z,1004,340,33.07,52.5,5.1,9.1
M1,2001-02-26T14:00:00Z,1003.4,340,35.02,46.7,3.5,9.3
M1,2001-02-26T17:00:00Z,1000.4,350,33.07,44.7,4.7,9.3
M1,2001-02-26T18:00:00Z,1001.4,360,34.05,48.6,3.4,9.3
M1,2001-02-26T20:00:00Z,1001.2,NaN,NaN,44.7,2.1,9.4
M1,2001-02-26T21:00:00Z,1001.2,360,33.07,48.6,5.4,9.2
M1,2001-02-26T22:00:00Z,1001.4,350,34.05,50.6,6,9.3
M1,2001-02-26T23:00:00Z,1002.8,360,34.05,50.6,5.1,9.4
M1,2001-02-27T00:00:00Z,1003.4,10,34.05,50.6,4.7,9.4
M1,2001-02-27T01:00:00Z,1003.8,10,28.99,44.7,5.9,9.3
M1,2001-02-27T02:00:00Z,1003.4,360,29.96,50.6,6.1,9.3
M1,2001-02-27T03:00:00Z,1003.6,350,30.93,44.7,6.4,9.2
M1,2001-02-27T04:00:00Z,1003.4,360,31.91,46.7,6.4,9.2
M1,2001-02-27T05:00:00Z,1003.8,350,28.99,46.7,6,9.2
M1,2001-02-27T06:00:00Z,1004,10,27.04,44.7,5.8,9.2
M1,2001-02-27T07:00:00Z,1003.8,360,28.99,44.7,6.3,9.2
M1,2001-02-27T08:00:00Z,1004.6,10,28.99,48.6,6.3,9.2
M1,2001-02-27T09:00:00Z,1005,10,33.07,44.7,5.7,9.3
M1,2001-02-27T10:00:00Z,1005.8,20,31.91,54.5,6.3,9.3
M1,2001-02-27T11:00:00Z,1007.4,20,30.93,48.6,4.3,9.3
M1,2001-02-27T12:00:00Z,1008,20,27.04,46.7,6.3,9.4
M1,2001-02-27T13:00:00Z,1008,20,28.02,42.8,6.6,9.4
M1,2001-02-27T14:00:00Z,1008.6,10,27.04,38.9,6.3,9.3
M1,2001-02-27T15:00:00Z,1008.2,360,26.07,37,6.2,9.3
M1,2001-02-27T16:00:00Z,1008,10,25.1,37,6.4,9.3
M1,2001-02-27T17:00:00Z,1008.2,10,25.1,44.7,6.7,9.3
M1,2001-02-27T18:00:00Z,1008.4,10,25.1,38.9,5.5,9.2
M1,2001-02-27T19:00:00Z,1008.6,10,22.96,35,5.7,9.2
M1,2001-02-27T20:00:00Z,1009,360,19.07,33.1,5.1,9.2
M1,2001-02-27T21:00:00Z,1009,340,18.09,31.1,4.7,9.2
M1,2001-02-27T22:00:00Z,1009.6,360,NaN,31.1,5.6,9.1
M1,2001-02-27T23:00:00Z,1010.6,360,25.1,37,3,9.2
M1,2001-02-28T00:00:00Z,1010,350,21.98,35,2.6,9.2
M1,2001-02-28T03:00:00Z,1009,30,20.04,27.2,5.6,9.1
M1,2001-02-28T05:00:00Z,1008.4,10,9.92,25.3,4.5,9.2
M1,2001-02-28T06:00:00Z,1008.6,30,13.04,19.5,5.2,9.2
M1,2001-02-28T07:00:00Z,1008.6,30,13.04,19.5,4.8,9.1
M1,2001-02-28T08:00:00Z,1008.6,10,14.01,19.5,4.9,9.2
M1,2001-02-28T09:00:00Z,1009.2,40,15.95,29.2,3.7,9.3
M1,2001-02-28T10:00:00Z,1008.4,30,12.06,21.4,4.5,9.1
M1,2001-02-28T12:00:00Z,1008.8,30,8.95,15.6,4.9,9.2
M1,2001-02-28T13:00:00Z,1008.6,20,8.95,15.6,4.9,9.2
M1,2001-02-28T14:00:00Z,1008.4,360,8.95,15.6,4.8,9.2
M1,2001-02-28T15:00:00Z,1008,10,7.98,13.6,4.9,9.1
M1,2001-02-28T16:00:00Z,1007.6,20,7,13.6,4.9,9.1
M1,2001-02-28T17:00:00Z,1007.2,10,7.98,13.6,4.8,9.1
M1,2001-02-28T18:00:00Z,1007.2,20,7,13.6,5,9.1
M1,2001-02-28T19:00:00Z,1007,20,8.95,15.6,5.3,9.1
M1,2001-02-28T20:00:00Z,1007,30,8.95,15.6,5.3,9.2
M1,2001-02-28T21:00:00Z,1006.8,30,12.06,15.6,5.3,9.2
M1,2001-02-28T23:00:00Z,1006.8,60,8.95,15.6,5,9.2
M1,2001-03-01T00:00:00Z,1006.8,40,8.95,15.6,4.9,9.1
M1,2001-03-01T02:00:00Z,1006.4,70,8.95,15.6,4.5,9.2
M1,2001-03-01T03:00:00Z,1005.8,80,7,13.6,4.1,9.1
M1,2001-03-01T04:00:00Z,1005.6,100,6.03,11.7,3.6,9.1
M1,2001-03-01T05:00:00Z,1005.2,90,5.06,9.7,3.4,9.1
M1,2001-03-01T06:00:00Z,1004.8,80,5.06,9.7,3.5,9.1
M1,2001-03-01T08:00:00Z,1004.4,80,5.06,9.7,3.6,9.2
M1,2001-03-01T09:00:00Z,1004.6,80,4.09,11.7,3.9,9.2
M1,2001-03-01T10:00:00Z,1004.2,100,6.03,11.7,4.1,9.2
M1,2001-03-01T11:00:00Z,1004.4,110,7,11.7,3.9,9.1
M1,2001-03-01T12:00:00Z,1004.8,120,6.03,11.7,4.2,9.2
M1,2001-03-01T13:00:00Z,1004.4,140,2.92,11.7,4.1,9.2
M1,2001-03-01T14:00:00Z,1003.8,130,4.09,9.7,3.9,9.3
M1,2001-03-01T16:00:00Z,1003.4,140,4.09,7.8,4.2,9.1
M1,2001-03-01T17:00:00Z,1003,130,5.06,7.8,4.2,9.1
M1,2001-03-01T19:00:00Z,1003,150,5.06,9.7,4.4,9.2
M1,2001-03-01T20:00:00Z,1003,140,4.09,9.7,4.4,9.2
M1,2001-03-01T22:00:00Z,1002.8,150,5.06,7.8,4.6,9.1
M1,2001-03-02T00:00:00Z,1002.2,170,7.98,11.7,4.7,9.1
M1,2001-03-02T01:00:00Z,1002.2,170,9.92,15.6,4.9,9.1
M1,2001-03-02T03:00:00Z,1001.2,160,8.95,13.6,4.9,9.1
M1,2001-03-02T04:00:00Z,1000.8,160,7.98,15.6,4.9,9.1
M1,2001-03-02T05:00:00Z,1000.8,160,7.98,13.6,5,9.1
M1,2001-03-02T06:00:00Z,1000.2,170,8.95,13.6,4.7,9.1
M1,2001-03-02T07:00:00Z,1000.2,160,7.98,13.6,4.6,9.1
M1,2001-03-02T08:00:00Z,1000.2,150,7.98,13.6,4.7,9.1
M1,2001-03-02T09:00:00Z,1000.2,150,7.98,15.6,4.6,9
M1,2001-03-02T10:00:00Z,1000.2,140,8.95,13.6,4.7,9.1
M1,2001-03-02T12:00:00Z,1000.2,150,8.95,15.6,4.8,9.1
M1,2001-03-02T13:00:00Z,999.6,140,9.92,13.6,4.7,9.1
M1,2001-03-02T14:00:00Z,999.2,150,9.92,15.6,4.6,9.1
M1,2001-03-02T16:00:00Z,998.8,130,7,13.6,4.5,9.1
M1,2001-03-02T17:00:00Z,998.8,120,6.03,11.7,4.5,9.1
M1,2001-03-02T18:00:00Z,998.6,130,5.06,11.7,4.7,9.1
M1,2001-03-02T19:00:00Z,998.4,140,7,9.7,4.7,9.1
M1,2001-03-02T20:00:00Z,998.2,160,6.03,13.6,4.8,9.1
M1,2001-03-02T21:00:00Z,998,190,6.03,9.7,4.9,9.1
M1,2001-03-02T22:00:00Z,998.2,190,6.03,9.7,4.9,9.1
M1,2001-03-02T23:00:00Z,998.2,210,5.06,9.7,5.1,9.1
M1,2001-03-03T00:00:00Z,997.8,220,4.09,9.7,5.2,9.1
M1,2001-03-03T01:00:00Z,997.6,230,5.06,7.8,5.3,9.1
M1,2001-03-03T02:00:00Z,997.6,240,6.03,9.7,5.4,9.1
M1,2001-03-03T03:00:00Z,997.4,240,6.03,9.7,5.4,9.1
M1,2001-03-03T05:00:00Z,996.6,310,6.03,21.4,4.6,9.1
M1,2001-03-03T06:00:00Z,996.2,180,2.92,17.5,4.7,9.1
M1,2001-03-03T08:00:00Z,996.2,80,4.09,17.5,3.8,9.1
M1,2001-03-03T09:00:00Z,996.2,250,8.95,13.6,4.7,9.1
M1,2001-03-03T10:00:00Z,996.2,220,8.95,13.6,3.7,9.1
M1,2001-03-03T11:00:00Z,996,230,7,13.6,4.5,9.2
M1,2001-03-03T12:00:00Z,996.2,NaN,NaN,15.6,4.4,9.2
M1,2001-03-03T13:00:00Z,996,280,8.95,13.6,4.8,9.2
M1,2001-03-03T14:00:00Z,995.2,240,6.03,11.7,5.4,9.2
M1,2001-03-03T15:00:00Z,995.2,240,6.03,9.7,5.3,9.2
M1,2001-03-03T16:00:00Z,995,240,6.03,9.7,5.6,9.2
M1,2001-03-03T17:00:00Z,994.8,250,7.98,13.6,5.7,9.2
M1,2001-03-03T18:00:00Z,994.8,260,6.03,11.7,5.8,9.2
M1,2001-03-03T19:00:00Z,995.2,270,7,9.7,5.7,9.2
M1,2001-03-03T20:00:00Z,995,290,7.98,13.6,5.1,9.2
M1,2001-03-03T21:00:00Z,994.8,270,2.92,9.7,5.1,9.1
M1,2001-03-03T22:00:00Z,995,250,6.03,9.7,5.5,9.1
M1,2001-03-03T23:00:00Z,994.6,210,7.98,11.7,5.7,9.1
M1,2001-03-04T00:00:00Z,994.6,250,14.98,19.5,5.1,9.1
M1,2001-03-04T01:00:00Z,994.4,230,8.95,21.4,6.3,9.1
M1,2001-03-04T02:00:00Z,994.2,240,15.95,19.5,5.8,9.1
M1,2001-03-04T03:00:00Z,994,220,13.04,17.5,6,9.2
M1,2001-03-04T04:00:00Z,993.6,250,15.95,21.4,6.3,9.1
M1,2001-03-04T05:00:00Z,993.6,220,15.95,19.5,6.2,9.1
M1,2001-03-04T06:00:00Z,993.6,230,13.04,19.5,6.6,9.1
M1,2001-03-04T07:00:00Z,993.6,220,14.01,19.5,7.1,9.2
M1,2001-03-04T08:00:00Z,993.8,210,14.01,19.5,7.2,9.2
M1,2001-03-04T09:00:00Z,994,210,15.95,23.3,7.4,9.1
M1,2001-03-04T10:00:00Z,994,200,13.04,23.3,7.3,9.1
M1,2001-03-04T11:00:00Z,994.2,220,19.07,23.3,7.5,9.1
M1,2001-03-04T12:00:00Z,994.6,220,18.09,27.2,7.3,9.1
M1,2001-03-04T13:00:00Z,995,220,14.01,29.2,7.3,9.1
M1,2001-03-04T14:00:00Z,995,220,13.04,31.1,7.1,9.1
M1,2001-03-04T15:00:00Z,995.2,230,20.04,33.1,7.7,9.1
M1,2001-03-04T16:00:00Z,995.4,230,21.98,27.2,8.1,9.1
M1,2001-03-04T19:00:00Z,997.2,220,18.09,25.3,8.8,9.1
M1,2001-03-04T20:00:00Z,997.8,220,21.98,27.2,8.9,9.1
M1,2001-03-04T21:00:00Z,998.2,230,18.09,27.2,8.8,9.1
M1,2001-03-04T22:00:00Z,999.2,220,16.93,25.3,8.8,9.1
M1,2001-03-04T23:00:00Z,999.8,210,18.09,27.2,8.6,9.1
M1,2001-03-05T01:00:00Z,1000.6,220,19.07,27.2,9.2,9.2
M1,2001-03-05T02:00:00Z,1001.4,220,20.04,29.2,8.4,9.1
M1,2001-03-05T03:00:00Z,1002.4,220,22.96,31.1,7.1,9.1
M1,2001-03-05T04:00:00Z,1002.4,210,12.06,31.1,8.4,9.1
M1,2001-03-05T05:00:00Z,1003.2,200,19.07,29.2,9.2,9.1
M1,2001-03-05T06:00:00Z,1003.8,200,20.04,29.2,9,9.1
M1,2001-03-05T07:00:00Z,1004.4,200,18.09,29.2,9.1,9.1
M1,2001-03-05T08:00:00Z,1004.8,190,16.93,23.3,9.2,9.1
M1,2001-03-05T09:00:00Z,1005.4,190,18.09,25.3,9.3,9.2
M1,2001-03-05T10:00:00Z,1006.2,180,21.98,29.2,8.6,9.2
M1,2001-03-05T12:00:00Z,1007,170,22.96,33.1,8.4,9.1
M1,2001-03-05T13:00:00Z,1007,170,22.96,33.1,8.3,9.1
M1,2001-03-05T14:00:00Z,1006.8,170,21.98,31.1,8.4,9.1
M1,2001-03-05T16:00:00Z,1005.8,160,21.01,29.2,8.7,9
M1,2001-03-05T17:00:00Z,1005.4,140,15.95,25.3,8.9,9
M1,2001-03-05T18:00:00Z,1005.4,150,16.93,25.3,9,9
M1,2001-03-05T19:00:00Z,1005.6,140,14.98,21.4,NaN,9
M1,2001-03-05T20:00:00Z,1005,130,21.01,27.2,8.6,9
M1,2001-03-05T21:00:00Z,1004.4,130,22.96,31.1,8.1,9
M1,2001-03-05T22:00:00Z,1003.4,120,25.1,35,7.8,9.1
M1,2001-03-05T23:00:00Z,1003,130,28.99,38.9,7.4,9.1
M1,2001-03-06T00:00:00Z,1002.2,130,27.04,37,7.8,9.1
M1,2001-03-06T01:00:00Z,1001.8,130,26.07,38.9,8.2,9.1
M1,2001-03-06T02:00:00Z,1000.2,130,27.04,37,8.2,9.1
M1,2001-03-06T03:00:00Z,999.8,130,27.04,37,8.6,9.1
M1,2001-03-06T05:00:00Z,997.6,130,26.07,38.9,9.1,9
M1,2001-03-06T06:00:00Z,997.2,120,23.93,33.1,9,8.9
M1,2001-03-06T07:00:00Z,996.6,120,22.96,33.1,9.2,8.9
M1,2001-03-06T08:00:00Z,995.6,120,25.1,33.1,9.3,8.9
M1,2001-03-06T09:00:00Z,995.2,120,27.04,35,9.6,8.9
M1,2001-03-06T10:00:00Z,994.8,120,28.99,38.9,9.5,8.9
M1,2001-03-06T11:00:00Z,993,120,30.93,40.9,9,9
M1,2001-03-06T12:00:00Z,991,110,28.02,38.9,8.9,8.9
M1,2001-03-06T13:00:00Z,988,110,30.93,42.8,9.1,8.9
M1,2001-03-06T14:00:00Z,984.8,110,35.99,48.6,8.8,8.9
M1,2001-03-06T15:00:00Z,981.8,110,35.99,50.6,8.4,8.9
M1,2001-03-06T16:00:00Z,NaN,110,37.94,50.6,9.1,8.9
M1,2001-03-06T17:00:00Z,978,120,36.96,54.5,9.1,8.9
M1,2001-03-06T19:00:00Z,976.6,140,27.04,38.9,10.2,8.9
M1,2001-03-06T20:00:00Z,976.6,150,27.04,35,11,8.9
M1,2001-03-06T21:00:00Z,NaN,150,28.99,40.9,10.4,8.9
M1,2001-03-06T22:00:00Z,974.6,150,35.02,48.6,10.7,8.9
M1,2001-03-06T23:00:00Z,973,150,36.96,50.6,11,8.9
M1,2001-03-07T00:00:00Z,972.6,170,38.91,54.5,9.5,9
M1,2001-03-07T01:00:00Z,975.6,210,37.94,54.5,9.4,9
M1,2001-03-07T02:00:00Z,978.8,210,37.94,52.5,9.5,9
M1,2001-03-07T03:00:00Z,NaN,210,35.99,52.5,9.1,9.1
M1,2001-03-07T04:00:00Z,982.6,210,29.96,48.6,9.9,9.1
M1,2001-03-07T05:00:00Z,984.2,210,28.02,46.7,8.5,9.1
M1,2001-03-07T06:00:00Z,986,210,25.1,37,9.7,9.2
M1,2001-03-07T07:00:00Z,987,210,26.07,35,10.2,9.2
M1,2001-03-07T08:00:00Z,988.4,200,22.96,46.7,9.7,9.2
M1,2001-03-07T09:00:00Z,988.8,190,20.04,31.1,10.2,9.2
M1,2001-03-07T10:00:00Z,989,180,21.98,31.1,10.2,9.1
M1,2001-03-07T11:00:00Z,989.4,180,23.93,33.1,10.1,9.2
M1,2001-03-07T12:00:00Z,989.4,170,21.98,31.1,10,9.1
M1,2001-03-07T13:00:00Z,988.4,170,22.96,35,9.7,9.1
M1,2001-03-07T14:00:00Z,988,170,26.07,35,9.7,9.2
M1,2001-03-07T15:00:00Z,987.4,170,21.98,37,9.4,9.2
M1,2001-03-07T16:00:00Z,986.4,170,22.96,35,9.2,9.2
M1,2001-03-07T17:00:00Z,985.8,170,23.93,33.1,9.3,9.2
M1,2001-03-07T18:00:00Z,985.4,170,27.04,35,9.2,9.2
M1,2001-03-07T19:00:00Z,985.2,170,27.04,37,9.6,9.1
M1,2001-03-07T20:00:00Z,985,170,26.07,38.9,9.5,9.1
M1,2001-03-07T21:00:00Z,984,170,27.04,38.9,9.9,9.1
M1,2001-03-07T22:00:00Z,984.2,170,27.04,40.9,10,9.1
M1,2001-03-07T23:00:00Z,983.6,170,29.96,40.9,10,9.1
M1,2001-03-08T00:00:00Z,983.4,180,28.99,40.9,10.1,9.1
M1,2001-03-08T01:00:00Z,983,180,28.02,38.9,10,9.2
M1,2001-03-08T02:00:00Z,982.8,180,26.07,38.9,9.5,9.2
M1,2001-03-08T03:00:00Z,982.2,180,27.04,37,9.5,9.3
M1,2001-03-08T04:00:00Z,980.8,170,27.04,37,9.8,9.3
M1,2001-03-08T05:00:00Z,980.6,170,28.02,38.9,9.8,9.3
M1,2001-03-08T06:00:00Z,980.8,180,25.1,38.9,9.9,9.3
M1,2001-03-08T07:00:00Z,980.8,180,26.07,33.1,10,9.3
M1,2001-03-08T08:00:00Z,980.6,180,26.07,NaN,9.6,9.3
M1,2001-03-08T09:00:00Z,980.4,180,26.07,37,9.6,9.3
M1,2001-03-08T10:00:00Z,981.2,180,23.93,35,9.6,9.3
M1,2001-03-08T11:00:00Z,981.2,190,14.01,29.2,10,9.3
M1,2001-03-08T12:00:00Z,982.2,270,16.93,25.3,9.9,9.3
M1,2001-03-08T13:00:00Z,983.2,260,15.95,25.3,10.1,9.3
M1,2001-03-08T14:00:00Z,984,250,14.01,23.3,10.1,9.3
M1,2001-03-08T15:00:00Z,984.4,240,16.93,23.3,10.3,9.3
M1,2001-03-08T16:00:00Z,985.4,250,15.95,21.4,10.4,9.3
M1,2001-03-08T17:00:00Z,986.2,260,14.01,23.3,10.4,9.3
M1,2001-03-08T18:00:00Z,987,250,14.98,23.3,10.4,9.3
M1,2001-03-08T19:00:00Z,987.8,250,16.93,21.4,10.4,9.3
M1,2001-03-08T20:00:00Z,989,250,15.95,21.4,10.4,9.3
M1,2001-03-08T21:00:00Z,989.4,250,15.95,21.4,10.4,9.4
M1,2001-03-08T22:00:00Z,990.2,260,14.01,25.3,10.3,9.4
M1,2001-03-08T23:00:00Z,990.2,260,14.01,25.3,10,9.4
M1,2001-03-09T00:00:00Z,990.6,260,14.98,21.4,10.2,9.3
M1,2001-03-09T01:00:00Z,990.6,260,15.95,23.3,9.9,9.5
M1,2001-03-09T02:00:00Z,991,250,14.98,25.3,9.9,9.6
M1,2001-03-09T03:00:00Z,991,260,16.93,25.3,9.9,9.7
M1,2001-03-09T04:00:00Z,991,260,13.04,25.3,9.8,9.7
M1,2001-03-09T05:00:00Z,991.4,240,13.04,19.5,10.1,9.7
M1,2001-03-09T06:00:00Z,991.4,240,9.92,15.6,9.9,9.7
M1,2001-03-09T07:00:00Z,991.4,240,11.09,23.3,9.2,9.6
M1,2001-03-09T08:00:00Z,991.4,220,14.01,19.5,9.9,9.6
M1,2001-03-09T09:00:00Z,991.2,220,12.06,19.5,9.7,9.5
M1,2001-03-09T10:00:00Z,990.4,190,13.04,19.5,9.9,9.5
M1,2001-03-09T11:00:00Z,990.6,180,14.01,19.5,9.6,9.5
M1,2001-03-09T12:00:00Z,988.8,180,19.07,27.2,9.8,9.5
M1,2001-03-09T13:00:00Z,989,210,14.98,25.3,10.4,9.5
M1,2001-03-09T14:00:00Z,989,220,14.98,21.4,10.6,9.6
M1,2001-03-09T15:00:00Z,988.4,270,13.04,NaN,NaN,9.6
M1,2001-03-09T16:00:00Z,988.4,220,14.98,19.5,10.6,9.6
M1,2001-03-09T17:00:00Z,988,220,14.01,19.5,10.6,9.7
M1,2001-03-09T18:00:00Z,988,210,14.01,19.5,10.6,9.7
M1,2001-03-09T19:00:00Z,987.8,NaN,NaN,NaN,10.5,9.7
M1,2001-03-09T20:00:00Z,987.4,210,14.01,19.5,10.7,9.7
M1,2001-03-09T21:00:00Z,987.8,220,14.01,19.5,10.7,9.7
M1,2001-03-09T22:00:00Z,987.8,210,14.01,19.5,10.5,9.7
M1,2001-03-09T23:00:00Z,987.4,210,13.04,17.5,10.5,9.7
M1,2001-03-10T00:00:00Z,986.8,190,12.06,17.5,10.4,9.7
M1,2001-03-10T01:00:00Z,986.4,190,13.04,19.5,10.5,9.8
M1,2001-03-10T02:00:00Z,986.2,190,11.09,17.5,10.3,9.8
M1,2001-03-10T03:00:00Z,985.8,220,11.09,15.6,10.3,9.8
M1,2001-03-10T04:00:00Z,985.8,250,18.09,23.3,10.5,9.8
M1,2001-03-10T05:00:00Z,986.8,250,16.93,25.3,10.6,9.7
M1,2001-03-10T06:00:00Z,987.8,250,16.93,21.4,10.6,9.7
M1,2001-03-10T07:00:00Z,988.4,250,16.93,21.4,10.5,9.7
M1,2001-03-10T08:00:00Z,989.4,240,14.98,NaN,10.6,9.7
M1,2001-03-10T09:00:00Z,990.4,240,15.95,19.5,10.7,9.7
M1,2001-03-10T10:00:00Z,991,230,14.98,21.4,10.5,9.7
M1,2001-03-10T11:00:00Z,992.4,250,16.93,21.4,9.9,9.7
M1,2001-03-10T12:00:00Z,993.2,260,20.04,25.3,10,9.7
M1,2001-03-10T13:00:00Z,994.2,270,18.09,31.1,9.9,9.7
M1,2001-03-10T14:00:00Z,995,260,18.09,29.2,10.2,9.8
M1,2001-03-10T15:00:00Z,995.2,270,16.93,27.2,10.3,9.8
M1,2001-03-10T16:00:00Z,995.4,260,16.93,23.3,10.3,9.8
M1,2001-03-10T17:00:00Z,995.6,270,14.01,21.4,10.3,9.7
M1,2001-03-10T18:00:00Z,996.8,260,15.95,21.4,10.2,9.7
M1,2001-03-10T19:00:00Z,997.2,270,13.04,21.4,10.1,9.7
M1,2001-03-10T20:00:00Z,998.2,270,9.92,19.5,9.7,9.7
M1,2001-03-10T21:00:00Z,998.4,280,7.98,13.6,9.8,9.7
M1,2001-03-10T22:00:00Z,999,260,8.95,11.7,9.8,9.7
M1,2001-03-10T23:00:00Z,999.6,280,7.98,11.7,9.8,9.7
M1,2001-03-11T00:00:00Z,999.2,310,7.98,15.6,9.5,9.7
M1,2001-03-11T01:00:00Z,999.6,300,7.98,11.7,9.3,9.7
M1,2001-03-11T02:00:00Z,999,320,6.03,11.7,9.1,9.7
M1,2001-03-11T03:00:00Z,998.2,340,5.06,9.7,9,9.7
M1,2001-03-11T04:00:00Z,998.2,290,6.03,15.6,8,9.7
M1,2001-03-11T05:00:00Z,998.2,350,2.92,11.7,7.4,9.7
M1,2001-03-11T06:00:00Z,998.8,330,4.09,13.6,7.3,9.7
M1,2001-03-11T07:00:00Z,999,290,7,13.6,7.8,9.7
M1,2001-03-11T08:00:00Z,998.8,300,9.92,19.5,8.5,9.7
M1,2001-03-11T09:00:00Z,999.4,300,14.01,19.5,8.3,9.7
M1,2001-03-11T10:00:00Z,999.8,310,11.09,19.5,7.7,9.7
M1,2001-03-11T11:00:00Z,999.8,300,9.92,17.5,7.7,9.7
M1,2001-03-11T12:00:00Z,1000.8,NaN,NaN,25.3,6.7,9.7
M1,2001-03-11T13:00:00Z,1000.4,300,12.06,21.4,7.7,9.7
M1,2001-03-11T14:00:00Z,1000.2,280,12.06,27.2,7,9.7
M1,2001-03-11T15:00:00Z,999.8,270,NaN,NaN,7.6,9.7
M1,2001-03-11T16:00:00Z,999.2,260,14.98,23.3,8,9.7
M1,2001-03-11T17:00:00Z,999.2,270,14.98,23.3,7.3,9.7
M1,2001-03-11T18:00:00Z,999.2,240,14.98,25.3,7.1,9.7
M1,2001-03-11T19:00:00Z,998.8,270,15.95,25.3,6.9,9.7
M1,2001-03-11T20:00:00Z,998.8,260,13.04,21.4,6.5,9.7
M1,2001-03-11T21:00:00Z,998.8,260,14.01,19.5,7.2,9.7
M1,2001-03-11T23:00:00Z,998.6,230,18.09,31.1,6.4,9.8
M1,2001-03-12T00:00:00Z,997.8,240,19.07,27.2,6.5,9.8
M1,2001-03-12T01:00:00Z,997.4,240,20.04,31.1,6.3,9.8
M1,2001-03-12T02:00:00Z,996.6,260,19.07,27.2,6.1,9.8
M1,2001-03-12T03:00:00Z,996.2,240,15.95,25.3,6.9,9.9
M1,2001-03-12T04:00:00Z,996,240,15.95,25.3,6.7,9.9
M1,2001-03-12T05:00:00Z,995.6,270,18.09,25.3,6.6,9.9
M1,2001-03-12T06:00:00Z,995.2,290,11.09,31.1,6.6,9.8
M1,2001-03-12T07:00:00Z,995.2,260,15.95,25.3,7.2,9.8
M1,2001-03-12T08:00:00Z,995.6,260,14.98,NaN,7.9,9.9
M1,2001-03-12T09:00:00Z,995.8,260,19.07,31.1,7.5,9.9
M1,2001-03-12T10:00:00Z,995.2,250,21.98,31.1,7.6,9.9
M1,2001-03-12T11:00:00Z,994.4,230,20.04,33.1,6.8,9.9
M1,2001-03-12T12:00:00Z,994,250,26.07,38.9,7.2,9.9
M1,2001-03-12T13:00:00Z,992.8,250,22.96,33.1,8.6,9.9
M1,2001-03-12T14:00:00Z,991,250,25.1,38.9,8.1,9.9
M1,2001-03-12T15:00:00Z,990,250,29.96,40.9,8.2,9.8
M1,2001-03-12T16:00:00Z,988.2,230,20.04,37,8.6,9.8
M1,2001-03-12T17:00:00Z,986.6,260,25.1,35,9.2,9.9
M1,2001-03-12T18:00:00Z,986.4,270,28.99,38.9,9.1,9.8
M1,2001-03-12T19:00:00Z,987.4,290,26.07,40.9,8.8,9.8
M1,2001-03-12T20:00:00Z,988.8,290,27.04,40.9,8.5,9.8
M1,2001-03-12T21:00:00Z,990,300,28.02,40.9,9.2,9.8
M1,2001-03-12T22:00:00Z,992.8,300,26.07,37,8.5,9.8
M1,2001-03-12T23:00:00Z,993.4,320,27.04,40.9,8.9,9.8
M1,2001-03-13T00:00:00Z,995.2,NaN,NaN,NaN,8.3,9.9
M1,2001-03-13T01:00:00Z,996.2,310,20.04,35,8.6,9.8
M1,2001-03-13T02:00:00Z,997.2,310,21.98,31.1,8,9.8
M1,2001-03-13T03:00:00Z,997.6,300,22.96,33.1,8.4,9.8
M1,2001-03-13T04:00:00Z,998.2,300,21.01,33.1,8.5,9.8
M1,2001-03-13T05:00:00Z,998.6,300,18.09,31.1,8.8,9.8
M1,2001-03-13T06:00:00Z,998.8,310,20.04,29.2,8.8,9.8
M1,2001-03-13T07:00:00Z,999.8,300,18.09,27.2,8.6,9.8
M1,2001-03-13T08:00:00Z,1000.6,320,15.95,25.3,8.5,9.8
M1,2001-03-13T09:00:00Z,1001.4,310,19.07,27.2,8.6,9.8
M1,2001-03-13T10:00:00Z,1002.8,300,16.93,29.2,9.1,9.8
M1,2001-03-13T11:00:00Z,1003.8,310,19.07,25.3,9.1,9.8
M1,2001-03-13T12:00:00Z,1004.4,300,18.09,25.3,9.1,9.8
M1,2001-03-13T13:00:00Z,1005.4,290,16.93,23.3,9.2,9.8
M1,2001-03-13T14:00:00Z,1005.6,290,16.93,23.3,9.5,9.7
M1,2001-03-13T15:00:00Z,1006.2,280,16.93,23.3,9.3,9.7
M1,2001-03-13T16:00:00Z,1006,270,18.09,23.3,8.8,9.8
M1,2001-03-13T17:00:00Z,1005.4,270,13.04,23.3,9.2,9.7
M1,2001-03-13T18:00:00Z,1006,280,15.95,35,8.1,9.7
M1,2001-03-13T19:00:00Z,1006.2,270,11.09,25.3,8.3,9.7
M1,2001-03-13T20:00:00Z,1006.4,270,20.04,29.2,8.9,9.7
M1,2001-03-13T21:00:00Z,1006.4,280,16.93,25.3,8.6,9.7
M1,2001-03-13T22:00:00Z,1006.8,270,14.98,35,7.2,9.7
M1,2001-03-13T23:00:00Z,1006.4,270,15.95,23.3,8.5,9.7
M1,2001-03-14T00:00:00Z,1006.4,280,14.98,23.3,8.6,9.7
M1,2001-03-14T01:00:00Z,1006.6,280,14.98,21.4,8.3,9.7
M1,2001-03-14T02:00:00Z,1006.6,280,13.04,19.5,8.6,9.7
M1,2001-03-14T03:00:00Z,1006.4,280,12.06,17.5,8.5,9.7
M1,2001-03-14T04:00:00Z,1005.8,280,12.06,17.5,8.7,9.7
M1,2001-03-14T05:00:00Z,1005.4,270,9.92,15.6,8.8,9.7
M1,2001-03-14T06:00:00Z,1005.4,270,7.98,13.6,8.7,9.7
M1,2001-03-14T07:00:00Z,1005,310,7,11.7,8.2,9.7
M1,2001-03-14T08:00:00Z,1005.4,290,5.06,9.7,8.4,9.7
M1,2001-03-14T09:00:00Z,1005.4,240,4.09,7.8,8.6,9.7
M1,2001-03-14T10:00:00Z,1005.4,290,6.03,11.7,8.4,9.7
M1,2001-03-14T11:00:00Z,1006,240,5.06,13.6,7.9,9.7
M1,2001-03-14T12:00:00Z,1006.8,180,4.09,11.7,7.9,9.7
M1,2001-03-14T13:00:00Z,1006.4,10,1.95,5.8,8.7,9.7
M1,2001-03-14T14:00:00Z,1006,250,8.95,11.7,8.6,9.7
M1,2001-03-14T15:00:00Z,1006.4,230,7,11.7,8.2,9.7
M1,2001-03-14T16:00:00Z,1006.2,150,1.95,7.8,8.7,9.7
M1,2001-03-14T17:00:00Z,1006.4,250,2.92,5.8,8.8,9.8
M1,2001-03-14T18:00:00Z,1006.4,230,2.92,5.8,8.7,9.8
M1,2001-03-14T19:00:00Z,1006.8,180,2.92,5.8,8.7,9.8
M1,2001-03-14T20:00:00Z,1006.8,20,2.92,7.8,8.8,9.7
M1,2001-03-14T21:00:00Z,1006.8,70,7,9.7,8.4,9.7
M1,2001-03-14T22:00:00Z,1007.2,110,5.06,11.7,8.1,9.7
M1,2001-03-14T23:00:00Z,1007.6,150,1.95,9.7,8.5,9.7
M1,2001-03-15T00:00:00Z,1007,70,8.95,13.6,8.6,9.7
M1,2001-03-15T01:00:00Z,1007.6,80,12.06,15.6,8.4,9.7
M1,2001-03-15T02:00:00Z,1006.8,90,9.92,15.6,8.4,9.7
M1,2001-03-15T03:00:00Z,1006.4,90,11.09,15.6,8,9.7
M1,2001-03-15T04:00:00Z,1005.8,100,12.06,15.6,8.1,9.7
M1,2001-03-15T05:00:00Z,1004.8,90,14.98,19.5,8.2,9.7
M1,2001-03-15T06:00:00Z,1005.2,90,14.01,19.5,8.1,9.7
M1,2001-03-15T07:00:00Z,1004.8,90,15.95,21.4,8,9.7
M1,2001-03-15T08:00:00Z,1004.6,100,16.93,23.3,8,9.7
M1,2001-03-15T09:00:00Z,1004.8,110,15.95,23.3,7.9,9.7
M1,2001-03-15T10:00:00Z,1005.2,120,18.09,23.3,7.6,9.7
M1,2001-03-15T11:00:00Z,1004.8,110,19.07,25.3,7.3,9.7
M1,2001-03-15T12:00:00Z,1004.8,110,21.01,27.2,7.3,9.7
M1,2001-03-15T13:00:00Z,1004.4,100,21.98,27.2,6.8,9.7
M1,2001-03-15T14:00:00Z,1004,100,23.93,31.1,6.9,9.7
M1,2001-03-15T15:00:00Z,1003.8,100,25.1,35,6.9,9.7
M1,2001-03-15T16:00:00Z,1003,90,23.93,31.1,6.4,9.7
M1,2001-03-15T17:00:00Z,1002.8,90,23.93,33.1,6.7,9.7
M1,2001-03-15T18:00:00Z,1002.2,80,25.1,35,6.9,9.7
M1,2001-03-15T19:00:00Z,1001.8,90,25.1,33.1,7.1,9.7
M1,2001-03-15T20:00:00Z,1001.6,90,28.02,40.9,6.7,9.7
M1,2001-03-15T21:00:00Z,1001.2,90,28.02,40.9,6.7,9.7
M1,2001-03-15T22:00:00Z,1000.8,90,28.99,40.9,6.6,9.7
M1,2001-03-15T23:00:00Z,1000.8,90,29.96,40.9,6.2,9.7
M1,2001-03-16T00:00:00Z,1000.2,90,30.93,44.7,6.4,9.7
M1,2001-03-16T01:00:00Z,1000.4,90,29.96,40.9,6.4,9.7
M1,2001-03-16T02:00:00Z,1000.2,100,29.96,44.7,6.5,9.7
M1,2001-03-16T03:00:00Z,1000.2,100,26.07,40.9,6.7,9.7
M1,2001-03-16T04:00:00Z,1000.6,100,26.07,37,6.9,9.7
M1,2001-03-16T05:00:00Z,1000.8,100,26.07,35,7.1,9.7
M1,2001-03-16T06:00:00Z,1000.8,100,23.93,35,7.3,9.7
M1,2001-03-16T07:00:00Z,1001,100,25.1,33.1,7.4,9.7
M1,2001-03-16T08:00:00Z,1001.4,100,25.1,33.1,7.5,9.7
M1,2001-03-16T09:00:00Z,1001.8,100,21.01,31.1,7.8,9.8
M1,2001-03-16T10:00:00Z,NaN,100,23.93,31.1,8,9.9
M1,2001-03-16T11:00:00Z,1002.2,100,22.96,31.1,7.8,9.9
M1,2001-03-16T12:00:00Z,1002.4,100,26.07,33.1,7.9,9.9
M1,2001-03-16T13:00:00Z,1002.6,90,23.93,35,8.1,9.9
M1,2001-03-16T14:00:00Z,1001.8,90,27.04,35,8.2,NaN
M1,2001-03-16T15:00:00Z,1002.6,80,26.07,35,8.2,9.9
M1,2001-03-16T16:00:00Z,1002.4,90,23.93,35,8.4,9.9
M1,2001-03-16T17:00:00Z,1002.4,90,25.1,35,8.2,9.9
M1,2001-03-16T18:00:00Z,1002.6,80,26.07,37,7.8,9.9
M1,2001-03-16T19:00:00Z,1003.4,80,27.04,37,7.8,9.9
M1,2001-03-16T20:00:00Z,1003.2,80,26.07,37,7.5,9.9
M1,2001-03-16T21:00:00Z,1003.8,80,25.1,35,7.7,9.9
M1,2001-03-16T22:00:00Z,1003.4,80,26.07,35,7.3,9.9
M1,2001-03-16T23:00:00Z,1003.8,80,26.07,37,7.3,9.9
M1,2001-03-17T00:00:00Z,1003.4,80,27.04,38.9,7.1,9.9
M1,2001-03-17T01:00:00Z,1002.8,80,28.02,38.9,7.1,9.9
M1,2001-03-17T02:00:00Z,1002.8,80,28.02,35,7,9.9
M1,2001-03-17T03:00:00Z,1002.4,80,27.04,40.9,6.7,9.9
M1,2001-03-17T04:00:00Z,1002.4,80,27.04,35,6.4,9.9
M1,2001-03-17T05:00:00Z,1002.8,80,27.04,37,6,9.9
M1,2001-03-17T06:00:00Z,1002.4,70,28.99,38.9,5.6,9.8
M1,2001-03-17T07:00:00Z,1002.6,80,27.04,38.9,5.9,9.8
M1,2001-03-17T08:00:00Z,1002.8,80,NaN,37,5.9,9.8
M1,2001-03-17T09:00:00Z,1002.8,80,28.02,40.9,5.6,9.8
M1,2001-03-17T10:00:00Z,1002.8,80,26.07,37,6,9.8
M1,2001-03-17T11:00:00Z,1003,90,26.07,35,5.8,9.8
M1,2001-03-17T12:00:00Z,1002.8,80,27.04,35,5.4,9.8
M1,2001-03-17T13:00:00Z,1002.8,90,28.02,38.9,5.3,9.9
M1,2001-03-17T14:00:00Z,1002.8,80,27.04,37,6,9.8
M1,2001-03-17T15:00:00Z,NaN,90,27.04,37,6.2,9.8
M1,2001-03-17T16:00:00Z,1002.6,90,28.02,35,6.7,9.8
M1,2001-03-17T17:00:00Z,1002.8,90,26.07,35,6.6,9.8
M1,2001-03-17T18:00:00Z,1003.6,90,27.04,37,6.4,9.8
M1,2001-03-17T19:00:00Z,1004,90,26.07,37,6.7,9.8
M1,2001-03-17T20:00:00Z,1004.2,80,28.99,38.9,6.2,9.8
M1,2001-03-17T21:00:00Z,1004.4,90,28.02,37,6.2,9.8
M1,2001-03-17T22:00:00Z,1004.6,90,26.07,37,6.2,9.8
M1,2001-03-17T23:00:00Z,1004.8,80,25.1,37,5.8,9.8
M1,2001-03-18T00:00:00Z,1005.2,80,23.93,33.1,6.4,9.8
M1,2001-03-18T01:00:00Z,1005.2,80,22.96,33.1,6,9.8
M1,2001-03-18T02:00:00Z,1005.8,80,21.01,31.1,5.9,9.8
M1,2001-03-18T03:00:00Z,1006.4,80,21.98,29.2,6.1,9.8
M1,2001-03-18T04:00:00Z,1006.2,80,21.98,29.2,5.9,9.8
M1,2001-03-18T05:00:00Z,1007,80,21.01,29.2,5.5,9.7
M1,2001-03-18T06:00:00Z,1007.4,80,21.01,29.2,5.7,9.8
M1,2001-03-18T07:00:00Z,1007.8,80,21.98,29.2,4.8,9.7
M1,2001-03-18T08:00:00Z,1008.6,70,21.01,31.1,4.4,9.8
M1,2001-03-18T09:00:00Z,1009,70,19.07,27.2,4.2,9.8
M1,2001-03-18T10:00:00Z,1009.4,70,18.09,25.3,4.3,9.8
M1,2001-03-18T11:00:00Z,1010,80,16.93,31.1,4.5,9.8
M1,2001-03-18T12:00:00Z,1009.8,80,18.09,25.3,5,9.8
M1,2001-03-18T13:00:00Z,1010,80,18.09,25.3,4.9,9.7
M1,2001-03-18T14:00:00Z,1010.4,100,16.93,23.3,5.9,9.7
M1,2001-03-18T15:00:00Z,1010.4,100,16.93,25.3,5.9,9.7
M1,2001-03-18T16:00:00Z,1010.2,100,15.95,23.3,6.4,9.7
M1,2001-03-18T17:00:00Z,1010.4,100,15.95,21.4,6.7,9.7
M1,2001-03-18T18:00:00Z,1011,100,15.95,21.4,7.1,9.7
M1,2001-03-18T19:00:00Z,1011.6,110,14.98,21.4,7.5,9.7
M1,2001-03-18T20:00:00Z,1011.6,100,16.93,23.3,7.5,9.7
M1,2001-03-18T21:00:00Z,1011.4,110,18.09,23.3,7.3,9.7
M1,2001-03-18T22:00:00Z,1011.8,110,19.07,27.2,7.2,9.6
M1,2001-03-18T23:00:00Z,1011.6,120,19.07,27.2,6.6,9.6
M1,2001-03-19T00:00:00Z,1011.4,120,20.04,27.2,6.4,9.6
M1,2001-03-19T01:00:00Z,1011.6,120,20.04,27.2,6.5,9.6
M1,2001-03-19T02:00:00Z,1011.6,120,20.04,29.2,5.9,9.6
M1,2001-03-19T03:00:00Z,1011.2,120,21.98,29.2,5.6,9.6
M1,2001-03-19T04:00:00Z,1011,120,21.98,31.1,5.3,9.6
M1,2001-03-19T05:00:00Z,1010.4,110,22.96,31.1,5.7,9.5
M1,2001-03-19T06:00:00Z,1010.2,120,21.98,33.1,5.7,9.5
M1,2001-03-19T07:00:00Z,1010,120,22.96,31.1,6.1,9.5
M1,2001-03-19T08:00:00Z,1010,120,20.04,31.1,6.1,9.5
M1,2001-03-19T09:00:00Z,1010.4,120,25.1,35,6,9.5
M1,2001-03-19T10:00:00Z,1009.8,120,25.1,35,5.8,9.4
M1,2001-03-19T11:00:00Z,1010.4,120,23.93,35,5.9,9.4
M1,2001-03-19T12:00:00Z,1010,110,25.1,33.1,6.2,9.4
M1,2001-03-19T13:00:00Z,1010,120,23.93,33.1,6.4,9.4
M1,2001-03-19T14:00:00Z,1010.2,120,22.96,31.1,6.7,9.3
M1,2001-03-19T15:00:00Z,1010,110,21.01,NaN,6.5,9.4
M1,2001-03-19T16:00:00Z,1009.4,120,21.98,29.2,7.1,9.5
M1,2001-03-19T17:00:00Z,1009,120,22.96,31.1,7.2,9.5
M1,2001-03-19T18:00:00Z,1009,110,23.93,31.1,7.3,9.4
M1,2001-03-19T19:00:00Z,1009,120,21.98,31.1,7.4,9.4
M1,2001-03-19T20:00:00Z,1008.8,120,23.93,31.1,6.9,9.4
M1,2001-03-19T21:00:00Z,1008.8,110,20.04,31.1,6.5,9.5
M1,2001-03-19T23:00:00Z,1008,110,20.04,31.1,6.7,9.5
M1,2001-03-20T00:00:00Z,1007.8,110,20.04,29.2,6.3,9.5
M1,2001-03-20T01:00:00Z,1007.2,110,21.01,31.1,6.8,9.5
M1,2001-03-20T02:00:00Z,1006.4,110,20.04,31.1,6.7,9.5
M1,2001-03-20T03:00:00Z,1005.8,110,20.04,31.1,6.7,9.5
M1,2001-03-20T04:00:00Z,1004.8,110,21.01,31.1,6.8,9.5
M1,2001-03-20T05:00:00Z,1004.6,100,21.98,31.1,6.4,9.6
M1,2001-03-20T06:00:00Z,1004.8,110,20.04,31.1,6.2,9.6
M1,2001-03-20T07:00:00Z,1004.8,100,21.98,31.1,6.4,9.5
M1,2001-03-20T08:00:00Z,1004.8,100,21.01,31.1,5.6,9.5
M1,2001-03-20T09:00:00Z,1004,100,21.98,33.1,6.8,9.5
M1,2001-03-20T10:00:00Z,1004.4,100,20.04,31.1,6.2,9.5
M1,2001-03-20T11:00:00Z,1004.4,100,20.04,29.2,6,9.5
M1,2001-03-20T12:00:00Z,1003.8,100,20.04,27.2,5.6,9.4
M1,2001-03-20T13:00:00Z,1003.4,100,21.01,29.2,6.2,9.5
M1,2001-03-20T14:00:00Z,1002.8,100,20.04,29.2,6.7,9.4
M1,2001-03-20T15:00:00Z,1001.2,110,21.01,31.1,7.1,9.3
M1,2001-03-20T16:00:00Z,1001.2,110,23.93,31.1,7,9.3
M1,2001-03-20T17:00:00Z,1000.4,110,25.1,35,6.9,9.3
M1,2001-03-20T18:00:00Z,NaN,100,28.02,NaN,7.1,9.3
M1,2001-03-20T19:00:00Z,998.4,110,25.1,40.9,6.9,9.3
M1,2001-03-20T20:00:00Z,998.2,110,29.96,38.9,7.2,9.2
M1,2001-03-20T21:00:00Z,996.6,100,29.96,40.9,6.8,9.2
M1,2001-03-20T22:00:00Z,995,100,29.96,42.8,6.3,9.2
M1,2001-03-20T23:00:00Z,994,100,29.96,44.7,6.1,9.2
M1,2001-03-21T00:00:00Z,993,100,28.99,42.8,6.4,9.2
M1,2001-03-21T01:00:00Z,991.6,90,29.96,40.9,5.4,9.2
M1,2001-03-21T02:00:00Z,991,100,28.99,42.8,6.1,9.1
M1,2001-03-21T03:00:00Z,990.6,90,28.02,40.9,5.3,9.1
M1,2001-03-21T04:00:00Z,990.2,90,27.04,35,4.8,9.1
M1,2001-03-21T05:00:00Z,989.6,90,25.1,35,4.7,9.1
M1,2001-03-21T06:00:00Z,989.8,80,21.98,35,4.5,9.1
M1,2001-03-21T07:00:00Z,989.4,90,22.96,33.1,4.5,9.1
M1,2001-03-21T08:00:00Z,989.4,90,23.93,31.1,5,9.1
M1,2001-03-21T09:00:00Z,989.4,90,21.01,31.1,5.1,9.1
M1,2001-03-21T10:00:00Z,989.4,90,20.04,29.2,5.4,9.1
M1,2001-03-21T11:00:00Z,989.4,90,19.07,25.3,5.5,9.1
M1,2001-03-21T12:00:00Z,989.4,90,14.98,23.3,5.1,9.1
M1,2001-03-21T13:00:00Z,989.2,80,14.01,19.5,5.2,9.1
M1,2001-03-21T14:00:00Z,989,80,12.06,19.5,5.3,9.1
M1,2001-03-21T15:00:00Z,988.8,90,11.09,15.6,NaN,9.1
M1,2001-03-21T16:00:00Z,988.4,90,5.06,13.6,5.7,9.1
M1,2001-03-21T18:00:00Z,988.4,60,6.03,11.7,6.5,9
M1,2001-03-21T19:00:00Z,988.6,50,6.03,11.7,6.6,9
M1,2001-03-21T20:00:00Z,989.4,60,5.06,11.7,6.3,9
M1,2001-03-21T21:00:00Z,990,60,2.92,9.7,6.4,9
M1,2001-03-21T22:00:00Z,990.4,50,4.09,7.8,6.5,9
M1,2001-03-21T23:00:00Z,990,40,4.09,9.7,6.7,9
M1,2001-03-22T00:00:00Z,991,50,1.95,NaN,6.6,9
M1,2001-03-22T01:00:00Z,991,50,1.95,5.8,6.7,9
M1,2001-03-22T02:00:00Z,991.6,10,1.95,5.8,6.8,9
M1,2001-03-22T03:00:00Z,992,330,1.95,5.8,6.9,9
M1,2001-03-22T04:00:00Z,992.6,260,1.95,NaN,6.9,9
M1,2001-03-22T05:00:00Z,992.6,50,1.95,NaN,7.1,9
M1,2001-03-22T06:00:00Z,993.6,20,1.95,NaN,7.3,9.1
M1,2001-03-22T07:00:00Z,994,120,1.95,NaN,7.4,9
M1,2001-03-22T08:00:00Z,994.6,110,1.95,NaN,7.4,9
M1,2001-03-22T09:00:00Z,995.2,100,1.95,NaN,7.7,9
M1,2001-03-22T10:00:00Z,995.2,110,1.95,NaN,7.7,9.1
M1,2001-03-22T11:00:00Z,995.8,130,1.95,NaN,7.7,9.1
M1,2001-03-22T12:00:00Z,996,120,1.95,NaN,7.8,9.1
M1,2001-03-22T13:00:00Z,996,120,1.95,NaN,7.8,9.1
M1,2001-03-22T14:00:00Z,996.2,120,8.95,11.7,8,9.1
M1,2001-03-22T15:00:00Z,996,120,8.95,13.6,8.1,9.1
M1,2001-03-22T16:00:00Z,995.2,110,8.95,13.6,8.1,9.1
M1,2001-03-22T17:00:00Z,995.6,110,9.92,13.6,8.2,9.1
M1,2001-03-22T18:00:00Z,995.8,110,7.98,13.6,8.5,9.1
M1,2001-03-22T19:00:00Z,996,110,9.92,15.6,8.6,9.1
M1,2001-03-22T20:00:00Z,996.2,110,8.95,15.6,8.8,9.1
M1,2001-03-22T21:00:00Z,996.2,110,7,11.7,8.9,9.1
M1,2001-03-22T22:00:00Z,995.6,110,7,11.7,8.9,9
M1,2001-03-23T00:00:00Z,995.8,110,5.06,11.7,9.1,9
M1,2001-03-23T01:00:00Z,995.2,120,5.06,11.7,9.1,9
M1,2001-03-23T02:00:00Z,995,110,4.09,7.8,9.1,9.1
M1,2001-03-23T03:00:00Z,994.6,120,1.95,5.8,9.1,9.1
M1,2001-03-23T05:00:00Z,995,160,1.95,NaN,9.1,9
M1,2001-03-23T06:00:00Z,994.6,120,1.95,NaN,8.9,9
M1,2001-03-23T07:00:00Z,995.2,130,1.95,NaN,8.8,9
M1,2001-03-23T08:00:00Z,995.6,140,1.95,NaN,8.9,9
M1,2001-03-23T09:00:00Z,996.2,130,1.95,NaN,8.9,9
M1,2001-03-23T10:00:00Z,996.8,110,1.95,NaN,8.6,9
M1,2001-03-23T11:00:00Z,997.8,120,1.95,NaN,8.8,9.1
M1,2001-03-23T12:00:00Z,998,140,1.95,NaN,9.1,9.1
M1,2001-03-23T13:00:00Z,998,190,1.95,NaN,9,9.1
M1,2001-03-23T14:00:00Z,997.8,80,1.95,NaN,9.3,9.3
M1,2001-03-23T15:00:00Z,998,100,1.95,NaN,9.1,9.4
M1,2001-03-23T16:00:00Z,998,90,1.95,NaN,8.9,9.5
M1,2001-03-23T17:00:00Z,998.4,80,1.95,NaN,9.1,9.5
M1,2001-03-23T18:00:00Z,998.2,80,1.95,NaN,9.1,9.5
M1,2001-03-23T19:00:00Z,999.6,80,1.95,NaN,8.2,9.5
M1,2001-03-23T20:00:00Z,999.8,50,1.95,NaN,7.8,9.3
M1,2001-03-23T21:00:00Z,999.8,50,11.09,15.6,8.2,9.2
M1,2001-03-23T22:00:00Z,999.4,60,8.95,17.5,8.5,9.3
M1,2001-03-23T23:00:00Z,999.6,60,7.98,11.7,8.7,9.3
M1,2001-03-24T00:00:00Z,999.8,40,7.98,13.6,8.9,9.2
M1,2001-03-24T01:00:00Z,999.2,80,11.09,17.5,8.9,9.2
M1,2001-03-24T02:00:00Z,999.2,80,6.03,13.6,9.2,9.2
M1,2001-03-24T03:00:00Z,998.8,100,6.03,9.7,9,9.2
M1,2001-03-24T04:00:00Z,998.8,90,7,9.7,9,9.1
M1,2001-03-24T05:00:00Z,999.2,90,8.95,11.7,9,9.1
M1,2001-03-24T06:00:00Z,998.8,90,8.95,15.6,8.9,9.1
M1,2001-03-24T07:00:00Z,999.2,90,7.98,11.7,8.9,9.1
M1,2001-03-24T08:00:00Z,999.8,90,11.09,15.6,8.8,9.1
M1,2001-03-24T09:00:00Z,1000.2,100,12.06,15.6,8.9,9.1
M1,2001-03-24T10:00:00Z,1000.2,100,13.04,17.5,8.8,9.1
M1,2001-03-24T11:00:00Z,1000.8,90,13.04,17.5,8.6,9.2
M1,2001-03-24T12:00:00Z,1000.8,90,12.06,17.5,8.6,9.1
M1,2001-03-24T13:00:00Z,1001.4,100,13.04,17.5,8.4,9.2
M1,2001-03-24T14:00:00Z,1000.8,90,9.92,15.6,8.8,9.1
M1,2001-03-24T15:00:00Z,1000.8,90,12.06,15.6,9,9.2
M1,2001-03-24T16:00:00Z,1000.6,90,9.92,15.6,9.2,9.3
M1,2001-03-24T17:00:00Z,1000.8,90,9.92,13.6,9.2,9.2
M1,2001-03-24T18:00:00Z,1001.2,90,7.98,13.6,9.3,9.2
M1,2001-03-24T19:00:00Z,1001.8,60,7,11.7,9.3,9.2
M1,2001-03-24T20:00:00Z,1002,60,5.06,9.7,9.4,9.2
